{"companyName":[{"type":"heading4","content":{"text":"Vercel","spans":[]}}],"title":[{"type":"heading1","content":{"text":"Developer Relations Lead","spans":[]}}],"description":[{"type":"paragraph","content":{"text":"Vercel's mission is to empower front-end developers in doing their best work, at the fastest possible pace. We’re passionate about our work with that community, and we are seeking an experienced Developer Relations Leader to steward our connection to that community, grow our presence and impact, and provide a conduit for community feedback into all parts of our business.","spans":[]}}],"link":{"url":"https://vercel.com/careers","preview":null},"discord":{"url":"https://discord.gg/d5VXPqV","preview":null},"rank":"1","company_name":[{"type":"heading4","content":{"text":"Vercel","spans":[]}}],"companyName_TYPE":"StructuredText","companyName_POSITION":0,"company_name_TYPE":"StructuredText","company_name_POSITION":1,"title_TYPE":"StructuredText","title_POSITION":2,"description_TYPE":"StructuredText","description_POSITION":3,"link_TYPE":"Link","link_POSITION":4,"discord_TYPE":"Link","discord_POSITION":5,"rank_TYPE":"Number","rank_POSITION":6,"slugs_INTERNAL":["developer-relations-lead","vercel"],"uids_INTERNAL":[]}