{"companyName":[{"type":"heading4","content":{"text":"Vercel","spans":[]}}],"title":[{"type":"heading1","content":{"text":"Field Engineer / Solutions Architect","spans":[]}}],"description":[{"type":"paragraph","content":{"text":"Vercel Field Engineering is an integral part of our business, showcasing Vercel's products, working with our users and customers, understanding their business goals and technical requirements, and distilling complex problems into understandable, achievable solutions.","spans":[]}}],"link":{"url":"https://vercel.com/careers","preview":null},"discord":{"url":"https://discord.gg/d5VXPqV","preview":null},"rank":"1","company_name":[{"type":"heading4","content":{"text":"Vercel","spans":[]}}],"companyName_TYPE":"StructuredText","companyName_POSITION":0,"company_name_TYPE":"StructuredText","company_name_POSITION":1,"title_TYPE":"StructuredText","title_POSITION":2,"description_TYPE":"StructuredText","description_POSITION":3,"link_TYPE":"Link","link_POSITION":4,"discord_TYPE":"Link","discord_POSITION":5,"rank_TYPE":"Number","rank_POSITION":6,"slugs_INTERNAL":["field-engineer--solutions-architect","vercel"],"uids_INTERNAL":[]}