{"title":[{"type":"heading1","content":{"text":"10 Reasons You Don't Need a Custom Server","spans":[]}}],"speakers":[{"speaker":{"id":"X9jJhRIAACcA5hNe","wioUrl":"wio://documents/X9jJhRIAACcA5hNe"}}],"start":"2020-10-27T18:50:00+00:00","end":"2020-10-27T19:30:00+00:00","title_TYPE":"StructuredText","title_POSITION":0,"speakers_TYPE":"Group","speakers_POSITION":1,"speakers.speaker_TYPE":"Link","speakers.speaker_POSITION":2,"start_TYPE":"Timestamp","start_POSITION":3,"end_TYPE":"Timestamp","end_POSITION":4,"description_TYPE":"StructuredText","description_POSITION":5,"slugs_INTERNAL":["10-reasons-you-dont-need-a-custom-server"],"uids_INTERNAL":[]}