{"name":[{"type":"heading1","content":{"text":"Hadyn Faye","spans":[]}}],"bio":[{"type":"paragraph","content":{"text":"They have over ten years of experience building blazing-fast web applications with Next.js and Vercel. Outside of work, they enjoy hiking, skiing, and surfing. Before becoming a developer, they worked in finance for a Fortune 500 company.","spans":[]}}],"uid":"hadyn","title":[{"type":"heading4","content":{"text":"President","spans":[]}}],"twitter":{"url":"https://twitter.com/vercel","preview":null},"github":{"url":"https://github.com/vercel","preview":null},"company":[{"type":"heading4","content":{"text":"Company","spans":[]}}],"image":{"origin":{"id":"X9iy5hIAACgA5bFu","url":"https://prismic-io.s3.amazonaws.com/nextjs-conference/0c3d9f01-0e9f-41db-9093-78766436c376_image+%2818%29.jpeg","width":300,"height":400},"width":300,"height":400,"url":"https://images.prismic.io/nextjs-conference/0c3d9f01-0e9f-41db-9093-78766436c376_image+%2818%29.jpeg?auto=compress,format","edit":{"background":"#fff","zoom":1,"crop":{"x":0,"y":0}},"credits":null,"alt":"Hadyn Faye","provider":"imgix","thumbnails":{}},"talk":{"id":"X9jmoBIAACcA5pu4","wioUrl":"wio://documents/X9jmoBIAACcA5pu4"},"name_TYPE":"StructuredText","name_POSITION":0,"bio_TYPE":"StructuredText","bio_POSITION":1,"uid_TYPE":"UID","uid_POSITION":2,"title_TYPE":"StructuredText","title_POSITION":3,"twitter_TYPE":"Link","twitter_POSITION":4,"github_TYPE":"Link","github_POSITION":5,"company_TYPE":"StructuredText","company_POSITION":6,"image_TYPE":"Image","image_POSITION":7,"talk_TYPE":"Link","talk_POSITION":8,"slugs_INTERNAL":["hadyn-faye"],"uids_INTERNAL":[]}