{"name":[{"type":"heading1","content":{"text":"Chidiebube Paul","spans":[]}}],"bio":[{"type":"paragraph","content":{"text":"They have over ten years of experience building blazing-fast web applications with Next.js and Vercel. Outside of work, they enjoy hiking, skiing, and surfing. Before becoming a developer, they worked in finance for a Fortune 500 company.","spans":[]}}],"uid":"chidiebube","title":[{"type":"heading4","content":{"text":"Lead Software Engineer","spans":[]}}],"twitter":{"url":"https://twitter.com/vercel","preview":null},"github":{"url":"https://github.com/vercel","preview":null},"company":[{"type":"heading4","content":{"text":"Company","spans":[]}}],"image":{"origin":{"id":"X9iy6hIAACgA5bGU","url":"https://prismic-io.s3.amazonaws.com/nextjs-conference/6be6c675-d4eb-4d7d-8d7a-bfc503386384_image+%2816%29.jpeg","width":300,"height":400},"width":300,"height":400,"url":"https://images.prismic.io/nextjs-conference/6be6c675-d4eb-4d7d-8d7a-bfc503386384_image+%2816%29.jpeg?auto=compress,format","edit":{"background":"#fff","zoom":1,"crop":{"x":0,"y":0}},"credits":null,"alt":"Chidiebube Paul","provider":"imgix","thumbnails":{}},"talk":{"id":"X9jVQxIAACgA5kpB","wioUrl":"wio://documents/X9jVQxIAACgA5kpB"},"name_TYPE":"StructuredText","name_POSITION":0,"bio_TYPE":"StructuredText","bio_POSITION":1,"uid_TYPE":"UID","uid_POSITION":2,"title_TYPE":"StructuredText","title_POSITION":3,"twitter_TYPE":"Link","twitter_POSITION":4,"github_TYPE":"Link","github_POSITION":5,"company_TYPE":"StructuredText","company_POSITION":6,"image_TYPE":"Image","image_POSITION":7,"talk_TYPE":"Link","talk_POSITION":8,"slugs_INTERNAL":["chidiebube-paul"],"uids_INTERNAL":[]}