{"title":[{"type":"heading1","content":{"text":"How To Use Dynamic Routing","spans":[]}}],"speaker_temp":{"id":"X9jUfxIAACcA5ka7","wioUrl":"wio://documents/X9jUfxIAACcA5ka7"},"start":"2020-10-27T18:50:00+00:00","end":"2020-10-27T19:30:00+00:00","description":[{"type":"paragraph","content":{"text":"In this talk, you'll learn how Next.js and Vercel help transform the workflow of front-end developers. Hear about the latest developments with Next.js 10 and deploy your application with one click to Vercel.","spans":[]}}],"speakers":[{"speaker":{"id":"X9jUfxIAACcA5ka7","wioUrl":"wio://documents/X9jUfxIAACcA5ka7"}}],"title_TYPE":"StructuredText","title_POSITION":0,"speakers_TYPE":"Group","speakers_POSITION":1,"speakers.speaker_TYPE":"Link","speakers.speaker_POSITION":2,"speaker_temp_TYPE":"Link","speaker_temp_POSITION":3,"start_TYPE":"Timestamp","start_POSITION":4,"end_TYPE":"Timestamp","end_POSITION":5,"description_TYPE":"StructuredText","description_POSITION":6,"slugs_INTERNAL":["how-to-use-dynamic-routing"],"uids_INTERNAL":[]}