{"schedule":[{"talk":{"id":"X9kEExIAACcA5yQ_","wioUrl":"wio://documents/X9kEExIAACcA5yQ_"}},{"talk":{"id":"X9j8WRIAACgA5wB6","wioUrl":"wio://documents/X9j8WRIAACgA5wB6"}},{"talk":{"id":"X9j7yxIAACgA5v3j","wioUrl":"wio://documents/X9j7yxIAACgA5v3j"}},{"talk":{"id":"X9j3yhIAACgA5uuF","wioUrl":"wio://documents/X9j3yhIAACgA5uuF"}},{"talk":{"id":"X9j3OhIAACgA5ujr","wioUrl":"wio://documents/X9j3OhIAACgA5ujr"}},{"talk":{"id":"X9j2tRIAACgA5uZq","wioUrl":"wio://documents/X9j2tRIAACgA5uZq"}}],"name":[{"type":"heading1","content":{"text":"Stage M","spans":[]}}],"uid":"m","stream":{"url":"https://www.youtube.com/embed/1-NzQ9ObsfM"},"discord":{"url":"https://discord.com"},"name_TYPE":"StructuredText","name_POSITION":0,"uid_TYPE":"UID","uid_POSITION":1,"stream_TYPE":"Link","stream_POSITION":2,"discord_TYPE":"Link","discord_POSITION":3,"schedule_TYPE":"Group","schedule_POSITION":4,"schedule.talk_TYPE":"Link","schedule.talk_POSITION":5,"slugs_INTERNAL":["stage-m"],"uids_INTERNAL":[]}