{"name":[{"type":"heading1","content":{"text":"Vercel","spans":[]}}],"uid":"vercel","logo":{"origin":{"id":"X9iy8BIAACYA5bGy","url":"https://prismic-io.s3.amazonaws.com/nextjs-conference/a73e4c5d-1ca0-41f8-8606-c34407771073_screen-shot-2020-10-24-at-9-59-27-am.png","width":166,"height":157},"width":128,"height":134,"url":"https://images.prismic.io/nextjs-conference/a73e4c5d-1ca0-41f8-8606-c34407771073_screen-shot-2020-10-24-at-9-59-27-am.png?auto=compress,format&rect=8,0,150,157&w=128&h=134","edit":{"background":"transparent","zoom":0.8535031847133758,"crop":{"x":-7,"y":0}},"credits":null,"alt":null,"provider":"imgix","thumbnails":{}},"website":{"url":"https://vercel.com","preview":null},"description":[{"type":"paragraph","content":{"text":"Vercel combines the best developer experience with an obsessive focus on end-user performance. Our platform enables frontend teams to do their best work.","spans":[]}}],"call_to_action":[{"type":"paragraph","content":{"text":"Next.js Analytics","spans":[]}}],"call_to_action_link":{"url":"http://nextjs.org/analytics?utm_source=conference-demo&utm_medium=expo&utm_campaign=examples","preview":null},"discord":{"url":"https://discord.gg/XjSfxDJ","preview":null},"tier":"diamond","tier_rank":"0","links":[{"link_text":"Next.js Commerce","link":{"url":"http://nextjs.org/commerce?utm_source=conference-demo&utm_medium=expo&utm_campaign=examples","preview":null}},{"link_text":"Import Next.js Project","link":{"url":"https://vercel.com/signup?next=/import","preview":null}},{"link_text":"Give","link":{"url":"http://nextjs.org/give?utm_source=conference-demo&utm_medium=expo&utm_campaign=examples","preview":null}}],"youtube_slug":"1-NzQ9ObsfM","card_image":{"origin":{"id":"X9iy8hIAACcA5bG8","url":"https://prismic-io.s3.amazonaws.com/nextjs-conference/e2d583c7-7034-4887-8a15-50493d980a17_screen-shot-2020-10-25-at-8-30-29-am.png","width":1068,"height":577},"provider":"imgix","url":"https://images.prismic.io/nextjs-conference/e2d583c7-7034-4887-8a15-50493d980a17_screen-shot-2020-10-25-at-8-30-29-am.png?auto=compress,format","alt":null,"credits":null,"width":1068,"height":577,"edit":{"zoom":1,"crop":{"x":0,"y":0},"background":"transparent"},"thumbnails":{}},"name_TYPE":"StructuredText","name_POSITION":0,"uid_TYPE":"UID","uid_POSITION":1,"logo_TYPE":"Image","logo_POSITION":2,"website_TYPE":"Link","website_POSITION":3,"card_image_TYPE":"Image","card_image_POSITION":4,"description_TYPE":"StructuredText","description_POSITION":5,"call_to_action_TYPE":"StructuredText","call_to_action_POSITION":6,"call_to_action_link_TYPE":"Link","call_to_action_link_POSITION":7,"discord_TYPE":"Link","discord_POSITION":8,"tier_TYPE":"Select","tier_POSITION":9,"tier_rank_TYPE":"Number","tier_rank_POSITION":10,"links_TYPE":"Group","links_POSITION":11,"links.link_text_TYPE":"Text","links.link_text_POSITION":12,"links.link_TYPE":"Link","links.link_POSITION":13,"youtube_slug_TYPE":"Text","youtube_slug_POSITION":14,"slugs_INTERNAL":["vercel","vercel-combines-the-best-developer-experience-with-an-obsessive-focus-on-end-user-performance.-our-platform-enables-frontend-teams-to-do-their-best-work."],"uids_INTERNAL":["vercel"]}