{"name":[{"type":"heading1","content":{"text":"ACME","spans":[]}}],"uid":"acme-8","logo":{"origin":{"id":"X9iy9RIAACcA5bHM","url":"https://prismic-io.s3.amazonaws.com/nextjs-conference/7883986b-10c6-4f15-a564-4b691442daa0_cleanshot-2020-11-16-at-10-29-25.png","width":186,"height":173},"width":186,"height":173,"url":"https://images.prismic.io/nextjs-conference/7883986b-10c6-4f15-a564-4b691442daa0_cleanshot-2020-11-16-at-10-29-25.png?auto=compress,format","edit":{"background":"transparent","zoom":1,"crop":{"x":0,"y":0}},"credits":null,"alt":null,"provider":"imgix","thumbnails":{}},"website":{"url":"https://vercel.com","preview":null},"card_image":{"origin":{"id":"X9iy8BIAACcA5bGx","url":"https://prismic-io.s3.amazonaws.com/nextjs-conference/519f7371-46cf-4a81-b4d5-a8eff3186fb9_image.png","width":645,"height":351},"width":645,"height":351,"url":"https://images.prismic.io/nextjs-conference/519f7371-46cf-4a81-b4d5-a8eff3186fb9_image.png?auto=compress,format","edit":{"background":"transparent","zoom":1,"crop":{"x":0,"y":0}},"credits":null,"alt":null,"provider":"imgix","thumbnails":{}},"description":[{"type":"paragraph","content":{"text":"ACME redefines what it means to develop, providing you the cutting-edge technology with half the effort.","spans":[]}}],"call_to_action":[{"type":"paragraph","content":{"text":"Next.js Analytics","spans":[]}}],"call_to_action_link":{"url":"http://nextjs.org/analytics?utm_source=conference-demo&utm_medium=expo&utm_campaign=examples","preview":null},"discord":{"url":"https://discord.gg/XjSfxDJ","preview":null},"tier":"gold","tier_rank":"3","links":[{"linkText":"Learn about ACME","link":{"url":"http://vercel.com?utm_source=conference-demo&utm_medium=expo&utm_campaign=examples","preview":null},"link_text":"Learn about ACME"},{"linkText":"Resources for Developers","link":{"url":"http://vercel.com?utm_source=conference-demo&utm_medium=expo&utm_campaign=examples","preview":null},"link_text":"Resources for Developers"},{"linkText":"Sign Up Today","link":{"url":"http://vercel.com?utm_source=conference-demo&utm_medium=expo&utm_campaign=examples","preview":null},"link_text":"Sign Up Today"}],"youtube_slug":"1-NzQ9ObsfM","name_TYPE":"StructuredText","name_POSITION":0,"uid_TYPE":"UID","uid_POSITION":1,"logo_TYPE":"Image","logo_POSITION":2,"website_TYPE":"Link","website_POSITION":3,"card_image_TYPE":"Image","card_image_POSITION":4,"description_TYPE":"StructuredText","description_POSITION":5,"call_to_action_TYPE":"StructuredText","call_to_action_POSITION":6,"call_to_action_link_TYPE":"Link","call_to_action_link_POSITION":7,"discord_TYPE":"Link","discord_POSITION":8,"tier_TYPE":"Select","tier_POSITION":9,"tier_rank_TYPE":"Number","tier_rank_POSITION":10,"links_TYPE":"Group","links_POSITION":11,"links.linkText_TYPE":"Text","links.linkText_POSITION":12,"links.link_text_TYPE":"Text","links.link_text_POSITION":13,"links.link_TYPE":"Link","links.link_POSITION":14,"youtube_slug_TYPE":"Text","youtube_slug_POSITION":15,"slugs_INTERNAL":["acme"],"uids_INTERNAL":["acme-8"]}